--
-- PostgreSQL database dump
--

\restrict Zl9S7AiWuahoOqPOJZjTa1L3EkeCcwQehwQ4X3qK0hjTPLYimg962DI0N6dmZpm

-- Dumped from database version 16.10
-- Dumped by pg_dump version 16.10

SET statement_timeout = 0;
SET lock_timeout = 0;
SET idle_in_transaction_session_timeout = 0;
SET client_encoding = 'UTF8';
SET standard_conforming_strings = on;
SELECT pg_catalog.set_config('search_path', '', false);
SET check_function_bodies = false;
SET xmloption = content;
SET client_min_messages = warning;
SET row_security = off;

SET default_tablespace = '';

SET default_table_access_method = heap;

--
-- Name: auth_group; Type: TABLE; Schema: public; Owner: postgres
--

CREATE TABLE public.auth_group (
    id integer NOT NULL,
    name character varying(150) NOT NULL
);


ALTER TABLE public.auth_group OWNER TO postgres;

--
-- Name: auth_group_id_seq; Type: SEQUENCE; Schema: public; Owner: postgres
--

ALTER TABLE public.auth_group ALTER COLUMN id ADD GENERATED BY DEFAULT AS IDENTITY (
    SEQUENCE NAME public.auth_group_id_seq
    START WITH 1
    INCREMENT BY 1
    NO MINVALUE
    NO MAXVALUE
    CACHE 1
);


--
-- Name: auth_group_permissions; Type: TABLE; Schema: public; Owner: postgres
--

CREATE TABLE public.auth_group_permissions (
    id bigint NOT NULL,
    group_id integer NOT NULL,
    permission_id integer NOT NULL
);


ALTER TABLE public.auth_group_permissions OWNER TO postgres;

--
-- Name: auth_group_permissions_id_seq; Type: SEQUENCE; Schema: public; Owner: postgres
--

ALTER TABLE public.auth_group_permissions ALTER COLUMN id ADD GENERATED BY DEFAULT AS IDENTITY (
    SEQUENCE NAME public.auth_group_permissions_id_seq
    START WITH 1
    INCREMENT BY 1
    NO MINVALUE
    NO MAXVALUE
    CACHE 1
);


--
-- Name: auth_permission; Type: TABLE; Schema: public; Owner: postgres
--

CREATE TABLE public.auth_permission (
    id integer NOT NULL,
    name character varying(255) NOT NULL,
    content_type_id integer NOT NULL,
    codename character varying(100) NOT NULL
);


ALTER TABLE public.auth_permission OWNER TO postgres;

--
-- Name: auth_permission_id_seq; Type: SEQUENCE; Schema: public; Owner: postgres
--

ALTER TABLE public.auth_permission ALTER COLUMN id ADD GENERATED BY DEFAULT AS IDENTITY (
    SEQUENCE NAME public.auth_permission_id_seq
    START WITH 1
    INCREMENT BY 1
    NO MINVALUE
    NO MAXVALUE
    CACHE 1
);


--
-- Name: auth_user; Type: TABLE; Schema: public; Owner: postgres
--

CREATE TABLE public.auth_user (
    id integer NOT NULL,
    password character varying(128) NOT NULL,
    last_login timestamp with time zone,
    is_superuser boolean NOT NULL,
    username character varying(150) NOT NULL,
    first_name character varying(150) NOT NULL,
    last_name character varying(150) NOT NULL,
    email character varying(254) NOT NULL,
    is_staff boolean NOT NULL,
    is_active boolean NOT NULL,
    date_joined timestamp with time zone NOT NULL
);


ALTER TABLE public.auth_user OWNER TO postgres;

--
-- Name: auth_user_groups; Type: TABLE; Schema: public; Owner: postgres
--

CREATE TABLE public.auth_user_groups (
    id bigint NOT NULL,
    user_id integer NOT NULL,
    group_id integer NOT NULL
);


ALTER TABLE public.auth_user_groups OWNER TO postgres;

--
-- Name: auth_user_groups_id_seq; Type: SEQUENCE; Schema: public; Owner: postgres
--

ALTER TABLE public.auth_user_groups ALTER COLUMN id ADD GENERATED BY DEFAULT AS IDENTITY (
    SEQUENCE NAME public.auth_user_groups_id_seq
    START WITH 1
    INCREMENT BY 1
    NO MINVALUE
    NO MAXVALUE
    CACHE 1
);


--
-- Name: auth_user_id_seq; Type: SEQUENCE; Schema: public; Owner: postgres
--

ALTER TABLE public.auth_user ALTER COLUMN id ADD GENERATED BY DEFAULT AS IDENTITY (
    SEQUENCE NAME public.auth_user_id_seq
    START WITH 1
    INCREMENT BY 1
    NO MINVALUE
    NO MAXVALUE
    CACHE 1
);


--
-- Name: auth_user_user_permissions; Type: TABLE; Schema: public; Owner: postgres
--

CREATE TABLE public.auth_user_user_permissions (
    id bigint NOT NULL,
    user_id integer NOT NULL,
    permission_id integer NOT NULL
);


ALTER TABLE public.auth_user_user_permissions OWNER TO postgres;

--
-- Name: auth_user_user_permissions_id_seq; Type: SEQUENCE; Schema: public; Owner: postgres
--

ALTER TABLE public.auth_user_user_permissions ALTER COLUMN id ADD GENERATED BY DEFAULT AS IDENTITY (
    SEQUENCE NAME public.auth_user_user_permissions_id_seq
    START WITH 1
    INCREMENT BY 1
    NO MINVALUE
    NO MAXVALUE
    CACHE 1
);


--
-- Name: brokerapp_broker; Type: TABLE; Schema: public; Owner: postgres
--

CREATE TABLE public.brokerapp_broker (
    brokername character varying(100) NOT NULL,
    mobileno character varying(15) NOT NULL,
    email character varying(254) NOT NULL,
    openingdebit numeric(10,2),
    openingcredit numeric(10,2),
    remark text NOT NULL
);


ALTER TABLE public.brokerapp_broker OWNER TO postgres;

--
-- Name: brokerapp_dailypage; Type: TABLE; Schema: public; Owner: postgres
--

CREATE TABLE public.brokerapp_dailypage (
    id bigint NOT NULL,
    date date NOT NULL,
    created_at timestamp with time zone NOT NULL
);


ALTER TABLE public.brokerapp_dailypage OWNER TO postgres;

--
-- Name: brokerapp_dailypage_id_seq; Type: SEQUENCE; Schema: public; Owner: postgres
--

ALTER TABLE public.brokerapp_dailypage ALTER COLUMN id ADD GENERATED BY DEFAULT AS IDENTITY (
    SEQUENCE NAME public.brokerapp_dailypage_id_seq
    START WITH 1
    INCREMENT BY 1
    NO MINVALUE
    NO MAXVALUE
    CACHE 1
);


--
-- Name: brokerapp_headitem; Type: TABLE; Schema: public; Owner: postgres
--

CREATE TABLE public.brokerapp_headitem (
    item_name character varying(100) NOT NULL
);


ALTER TABLE public.brokerapp_headitem OWNER TO postgres;

--
-- Name: brokerapp_headparty; Type: TABLE; Schema: public; Owner: postgres
--

CREATE TABLE public.brokerapp_headparty (
    partyname character varying(100) NOT NULL,
    add1 character varying(200) NOT NULL,
    add2 character varying(200) NOT NULL,
    city character varying(100) NOT NULL,
    state character varying(100) NOT NULL,
    mobile character varying(15) NOT NULL,
    otherno character varying(15) NOT NULL,
    email character varying(254) NOT NULL,
    remark text NOT NULL,
    openingdebit numeric(10,2),
    openingcredit numeric(10,2)
);


ALTER TABLE public.brokerapp_headparty OWNER TO postgres;

--
-- Name: brokerapp_jamaentry; Type: TABLE; Schema: public; Owner: postgres
--

CREATE TABLE public.brokerapp_jamaentry (
    entry_no integer NOT NULL,
    amount numeric(14,2) NOT NULL,
    remark character varying(255) NOT NULL,
    created_at timestamp with time zone NOT NULL,
    daily_page_id bigint NOT NULL,
    partyname character varying(100) NOT NULL,
    broker_id character varying(100)
);


ALTER TABLE public.brokerapp_jamaentry OWNER TO postgres;

--
-- Name: brokerapp_jamaentry_entry_no_seq; Type: SEQUENCE; Schema: public; Owner: postgres
--

ALTER TABLE public.brokerapp_jamaentry ALTER COLUMN entry_no ADD GENERATED BY DEFAULT AS IDENTITY (
    SEQUENCE NAME public.brokerapp_jamaentry_entry_no_seq
    START WITH 1
    INCREMENT BY 1
    NO MINVALUE
    NO MAXVALUE
    CACHE 1
);


--
-- Name: brokerapp_naameentry; Type: TABLE; Schema: public; Owner: postgres
--

CREATE TABLE public.brokerapp_naameentry (
    entry_no integer NOT NULL,
    amount numeric(14,2) NOT NULL,
    remark character varying(255) NOT NULL,
    created_at timestamp with time zone NOT NULL,
    daily_page_id bigint NOT NULL,
    partyname character varying(100) NOT NULL,
    broker_id character varying(100)
);


ALTER TABLE public.brokerapp_naameentry OWNER TO postgres;

--
-- Name: brokerapp_naameentry_entry_no_seq; Type: SEQUENCE; Schema: public; Owner: postgres
--

ALTER TABLE public.brokerapp_naameentry ALTER COLUMN entry_no ADD GENERATED BY DEFAULT AS IDENTITY (
    SEQUENCE NAME public.brokerapp_naameentry_entry_no_seq
    START WITH 1
    INCREMENT BY 1
    NO MINVALUE
    NO MAXVALUE
    CACHE 1
);


--
-- Name: brokerapp_purchasedetails; Type: TABLE; Schema: public; Owner: postgres
--

CREATE TABLE public.brokerapp_purchasedetails (
    id bigint NOT NULL,
    bora numeric(12,2) NOT NULL,
    qty numeric(12,2) NOT NULL,
    rate numeric(12,2) NOT NULL,
    amount numeric(12,2) NOT NULL,
    partywt numeric(12,2) NOT NULL,
    millwt numeric(12,2) NOT NULL,
    diffwt numeric(12,2) NOT NULL,
    item_id character varying(100) NOT NULL,
    purchasemaster_id integer NOT NULL,
    bn numeric(12,2) NOT NULL,
    bnwt numeric(12,2) NOT NULL,
    bo numeric(12,2) NOT NULL,
    bowt numeric(12,2) NOT NULL,
    lotno character varying(50)
);


ALTER TABLE public.brokerapp_purchasedetails OWNER TO postgres;

--
-- Name: brokerapp_purchasedetails_id_seq; Type: SEQUENCE; Schema: public; Owner: postgres
--

ALTER TABLE public.brokerapp_purchasedetails ALTER COLUMN id ADD GENERATED BY DEFAULT AS IDENTITY (
    SEQUENCE NAME public.brokerapp_purchasedetails_id_seq
    START WITH 1
    INCREMENT BY 1
    NO MINVALUE
    NO MAXVALUE
    CACHE 1
);


--
-- Name: brokerapp_purchasemaster; Type: TABLE; Schema: public; Owner: postgres
--

CREATE TABLE public.brokerapp_purchasemaster (
    invno integer NOT NULL,
    invdate date NOT NULL,
    awakno character varying(50),
    vehicleno character varying(50),
    totalamt numeric(12,2) NOT NULL,
    batavpercent numeric(5,2) NOT NULL,
    batavamt numeric(12,2) NOT NULL,
    dr numeric(12,2) NOT NULL,
    dramt numeric(12,2) NOT NULL,
    other numeric(12,2) NOT NULL,
    total numeric(12,2) NOT NULL,
    advance numeric(12,2) NOT NULL,
    netamt numeric(12,2) NOT NULL,
    remark character varying(255),
    broker_id character varying(100) NOT NULL,
    party_id character varying(100) NOT NULL,
    extra character varying(255),
    qi numeric(12,2) NOT NULL
);


ALTER TABLE public.brokerapp_purchasemaster OWNER TO postgres;

--
-- Name: brokerapp_purchasemaster_invno_seq; Type: SEQUENCE; Schema: public; Owner: postgres
--

ALTER TABLE public.brokerapp_purchasemaster ALTER COLUMN invno ADD GENERATED BY DEFAULT AS IDENTITY (
    SEQUENCE NAME public.brokerapp_purchasemaster_invno_seq
    START WITH 1
    INCREMENT BY 1
    NO MINVALUE
    NO MAXVALUE
    CACHE 1
);


--
-- Name: brokerapp_saledetails; Type: TABLE; Schema: public; Owner: postgres
--

CREATE TABLE public.brokerapp_saledetails (
    id bigint NOT NULL,
    bora numeric(12,2) NOT NULL,
    qty numeric(12,2) NOT NULL,
    rate numeric(12,2) NOT NULL,
    amount numeric(12,2) NOT NULL,
    partywt numeric(12,2) NOT NULL,
    millwt numeric(12,2) NOT NULL,
    diffwt numeric(12,2) NOT NULL,
    item_id character varying(100) NOT NULL,
    salemaster_id integer NOT NULL,
    bn numeric(12,2) NOT NULL,
    bnwt numeric(12,2) NOT NULL,
    bo numeric(12,2) NOT NULL,
    bowt numeric(12,2) NOT NULL,
    lotno character varying(50)
);


ALTER TABLE public.brokerapp_saledetails OWNER TO postgres;

--
-- Name: brokerapp_saledetails_id_seq; Type: SEQUENCE; Schema: public; Owner: postgres
--

ALTER TABLE public.brokerapp_saledetails ALTER COLUMN id ADD GENERATED BY DEFAULT AS IDENTITY (
    SEQUENCE NAME public.brokerapp_saledetails_id_seq
    START WITH 1
    INCREMENT BY 1
    NO MINVALUE
    NO MAXVALUE
    CACHE 1
);


--
-- Name: brokerapp_salemaster; Type: TABLE; Schema: public; Owner: postgres
--

CREATE TABLE public.brokerapp_salemaster (
    invno integer NOT NULL,
    invdate date NOT NULL,
    awakno character varying(50),
    vehicleno character varying(50),
    totalamt numeric(12,2) NOT NULL,
    batavpercent numeric(5,2) NOT NULL,
    batavamt numeric(12,2) NOT NULL,
    dr numeric(12,2) NOT NULL,
    dramt numeric(12,2) NOT NULL,
    other numeric(12,2) NOT NULL,
    total numeric(12,2) NOT NULL,
    advance numeric(12,2) NOT NULL,
    netamt numeric(12,2) NOT NULL,
    remark character varying(255),
    broker_id character varying(100) NOT NULL,
    party_id character varying(100) NOT NULL,
    extra character varying(255),
    qi numeric(12,2) NOT NULL
);


ALTER TABLE public.brokerapp_salemaster OWNER TO postgres;

--
-- Name: brokerapp_salemaster_invno_seq; Type: SEQUENCE; Schema: public; Owner: postgres
--

ALTER TABLE public.brokerapp_salemaster ALTER COLUMN invno ADD GENERATED BY DEFAULT AS IDENTITY (
    SEQUENCE NAME public.brokerapp_salemaster_invno_seq
    START WITH 1
    INCREMENT BY 1
    NO MINVALUE
    NO MAXVALUE
    CACHE 1
);


--
-- Name: django_admin_log; Type: TABLE; Schema: public; Owner: postgres
--

CREATE TABLE public.django_admin_log (
    id integer NOT NULL,
    action_time timestamp with time zone NOT NULL,
    object_id text,
    object_repr character varying(200) NOT NULL,
    action_flag smallint NOT NULL,
    change_message text NOT NULL,
    content_type_id integer,
    user_id integer NOT NULL,
    CONSTRAINT django_admin_log_action_flag_check CHECK ((action_flag >= 0))
);


ALTER TABLE public.django_admin_log OWNER TO postgres;

--
-- Name: django_admin_log_id_seq; Type: SEQUENCE; Schema: public; Owner: postgres
--

ALTER TABLE public.django_admin_log ALTER COLUMN id ADD GENERATED BY DEFAULT AS IDENTITY (
    SEQUENCE NAME public.django_admin_log_id_seq
    START WITH 1
    INCREMENT BY 1
    NO MINVALUE
    NO MAXVALUE
    CACHE 1
);


--
-- Name: django_content_type; Type: TABLE; Schema: public; Owner: postgres
--

CREATE TABLE public.django_content_type (
    id integer NOT NULL,
    app_label character varying(100) NOT NULL,
    model character varying(100) NOT NULL
);


ALTER TABLE public.django_content_type OWNER TO postgres;

--
-- Name: django_content_type_id_seq; Type: SEQUENCE; Schema: public; Owner: postgres
--

ALTER TABLE public.django_content_type ALTER COLUMN id ADD GENERATED BY DEFAULT AS IDENTITY (
    SEQUENCE NAME public.django_content_type_id_seq
    START WITH 1
    INCREMENT BY 1
    NO MINVALUE
    NO MAXVALUE
    CACHE 1
);


--
-- Name: django_migrations; Type: TABLE; Schema: public; Owner: postgres
--

CREATE TABLE public.django_migrations (
    id bigint NOT NULL,
    app character varying(255) NOT NULL,
    name character varying(255) NOT NULL,
    applied timestamp with time zone NOT NULL
);


ALTER TABLE public.django_migrations OWNER TO postgres;

--
-- Name: django_migrations_id_seq; Type: SEQUENCE; Schema: public; Owner: postgres
--

ALTER TABLE public.django_migrations ALTER COLUMN id ADD GENERATED BY DEFAULT AS IDENTITY (
    SEQUENCE NAME public.django_migrations_id_seq
    START WITH 1
    INCREMENT BY 1
    NO MINVALUE
    NO MAXVALUE
    CACHE 1
);


--
-- Name: django_session; Type: TABLE; Schema: public; Owner: postgres
--

CREATE TABLE public.django_session (
    session_key character varying(40) NOT NULL,
    session_data text NOT NULL,
    expire_date timestamp with time zone NOT NULL
);


ALTER TABLE public.django_session OWNER TO postgres;

--
-- Data for Name: auth_group; Type: TABLE DATA; Schema: public; Owner: postgres
--

COPY public.auth_group (id, name) FROM stdin;
\.


--
-- Data for Name: auth_group_permissions; Type: TABLE DATA; Schema: public; Owner: postgres
--

COPY public.auth_group_permissions (id, group_id, permission_id) FROM stdin;
\.


--
-- Data for Name: auth_permission; Type: TABLE DATA; Schema: public; Owner: postgres
--

COPY public.auth_permission (id, name, content_type_id, codename) FROM stdin;
1	Can add log entry	1	add_logentry
2	Can change log entry	1	change_logentry
3	Can delete log entry	1	delete_logentry
4	Can view log entry	1	view_logentry
5	Can add permission	2	add_permission
6	Can change permission	2	change_permission
7	Can delete permission	2	delete_permission
8	Can view permission	2	view_permission
9	Can add group	3	add_group
10	Can change group	3	change_group
11	Can delete group	3	delete_group
12	Can view group	3	view_group
13	Can add user	4	add_user
14	Can change user	4	change_user
15	Can delete user	4	delete_user
16	Can view user	4	view_user
17	Can add content type	5	add_contenttype
18	Can change content type	5	change_contenttype
19	Can delete content type	5	delete_contenttype
20	Can view content type	5	view_contenttype
21	Can add session	6	add_session
22	Can change session	6	change_session
23	Can delete session	6	delete_session
24	Can view session	6	view_session
25	Can add broker	7	add_broker
26	Can change broker	7	change_broker
27	Can delete broker	7	delete_broker
28	Can view broker	7	view_broker
29	Can add head party	8	add_headparty
30	Can change head party	8	change_headparty
31	Can delete head party	8	delete_headparty
32	Can view head party	8	view_headparty
33	Can add head item	9	add_headitem
34	Can change head item	9	change_headitem
35	Can delete head item	9	delete_headitem
36	Can view head item	9	view_headitem
37	Can add sale master	10	add_salemaster
38	Can change sale master	10	change_salemaster
39	Can delete sale master	10	delete_salemaster
40	Can view sale master	10	view_salemaster
41	Can add sale details	11	add_saledetails
42	Can change sale details	11	change_saledetails
43	Can delete sale details	11	delete_saledetails
44	Can view sale details	11	view_saledetails
45	Can add purchase master	12	add_purchasemaster
46	Can change purchase master	12	change_purchasemaster
47	Can delete purchase master	12	delete_purchasemaster
48	Can view purchase master	12	view_purchasemaster
49	Can add purchase details	13	add_purchasedetails
50	Can change purchase details	13	change_purchasedetails
51	Can delete purchase details	13	delete_purchasedetails
52	Can view purchase details	13	view_purchasedetails
53	Can add daily page	14	add_dailypage
54	Can change daily page	14	change_dailypage
55	Can delete daily page	14	delete_dailypage
56	Can view daily page	14	view_dailypage
57	Can add jama entry	15	add_jamaentry
58	Can change jama entry	15	change_jamaentry
59	Can delete jama entry	15	delete_jamaentry
60	Can view jama entry	15	view_jamaentry
61	Can add naame entry	16	add_naameentry
62	Can change naame entry	16	change_naameentry
63	Can delete naame entry	16	delete_naameentry
64	Can view naame entry	16	view_naameentry
\.


--
-- Data for Name: auth_user; Type: TABLE DATA; Schema: public; Owner: postgres
--

COPY public.auth_user (id, password, last_login, is_superuser, username, first_name, last_name, email, is_staff, is_active, date_joined) FROM stdin;
\.


--
-- Data for Name: auth_user_groups; Type: TABLE DATA; Schema: public; Owner: postgres
--

COPY public.auth_user_groups (id, user_id, group_id) FROM stdin;
\.


--
-- Data for Name: auth_user_user_permissions; Type: TABLE DATA; Schema: public; Owner: postgres
--

COPY public.auth_user_user_permissions (id, user_id, permission_id) FROM stdin;
\.


--
-- Data for Name: brokerapp_broker; Type: TABLE DATA; Schema: public; Owner: postgres
--

COPY public.brokerapp_broker (brokername, mobileno, email, openingdebit, openingcredit, remark) FROM stdin;
\.


--
-- Data for Name: brokerapp_dailypage; Type: TABLE DATA; Schema: public; Owner: postgres
--

COPY public.brokerapp_dailypage (id, date, created_at) FROM stdin;
\.


--
-- Data for Name: brokerapp_headitem; Type: TABLE DATA; Schema: public; Owner: postgres
--

COPY public.brokerapp_headitem (item_name) FROM stdin;
\.


--
-- Data for Name: brokerapp_headparty; Type: TABLE DATA; Schema: public; Owner: postgres
--

COPY public.brokerapp_headparty (partyname, add1, add2, city, state, mobile, otherno, email, remark, openingdebit, openingcredit) FROM stdin;
\.


--
-- Data for Name: brokerapp_jamaentry; Type: TABLE DATA; Schema: public; Owner: postgres
--

COPY public.brokerapp_jamaentry (entry_no, amount, remark, created_at, daily_page_id, partyname, broker_id) FROM stdin;
\.


--
-- Data for Name: brokerapp_naameentry; Type: TABLE DATA; Schema: public; Owner: postgres
--

COPY public.brokerapp_naameentry (entry_no, amount, remark, created_at, daily_page_id, partyname, broker_id) FROM stdin;
\.


--
-- Data for Name: brokerapp_purchasedetails; Type: TABLE DATA; Schema: public; Owner: postgres
--

COPY public.brokerapp_purchasedetails (id, bora, qty, rate, amount, partywt, millwt, diffwt, item_id, purchasemaster_id, bn, bnwt, bo, bowt, lotno) FROM stdin;
\.


--
-- Data for Name: brokerapp_purchasemaster; Type: TABLE DATA; Schema: public; Owner: postgres
--

COPY public.brokerapp_purchasemaster (invno, invdate, awakno, vehicleno, totalamt, batavpercent, batavamt, dr, dramt, other, total, advance, netamt, remark, broker_id, party_id, extra, qi) FROM stdin;
\.


--
-- Data for Name: brokerapp_saledetails; Type: TABLE DATA; Schema: public; Owner: postgres
--

COPY public.brokerapp_saledetails (id, bora, qty, rate, amount, partywt, millwt, diffwt, item_id, salemaster_id, bn, bnwt, bo, bowt, lotno) FROM stdin;
\.


--
-- Data for Name: brokerapp_salemaster; Type: TABLE DATA; Schema: public; Owner: postgres
--

COPY public.brokerapp_salemaster (invno, invdate, awakno, vehicleno, totalamt, batavpercent, batavamt, dr, dramt, other, total, advance, netamt, remark, broker_id, party_id, extra, qi) FROM stdin;
\.


--
-- Data for Name: django_admin_log; Type: TABLE DATA; Schema: public; Owner: postgres
--

COPY public.django_admin_log (id, action_time, object_id, object_repr, action_flag, change_message, content_type_id, user_id) FROM stdin;
\.


--
-- Data for Name: django_content_type; Type: TABLE DATA; Schema: public; Owner: postgres
--

COPY public.django_content_type (id, app_label, model) FROM stdin;
1	admin	logentry
2	auth	permission
3	auth	group
4	auth	user
5	contenttypes	contenttype
6	sessions	session
7	brokerapp	broker
8	brokerapp	headparty
9	brokerapp	headitem
10	brokerapp	salemaster
11	brokerapp	saledetails
12	brokerapp	purchasemaster
13	brokerapp	purchasedetails
14	brokerapp	dailypage
15	brokerapp	jamaentry
16	brokerapp	naameentry
\.


--
-- Data for Name: django_migrations; Type: TABLE DATA; Schema: public; Owner: postgres
--

COPY public.django_migrations (id, app, name, applied) FROM stdin;
1	contenttypes	0001_initial	2025-10-13 20:01:06.176986+05:30
2	auth	0001_initial	2025-10-13 20:01:06.33341+05:30
3	admin	0001_initial	2025-10-13 20:01:06.364543+05:30
4	admin	0002_logentry_remove_auto_add	2025-10-13 20:01:06.380455+05:30
5	admin	0003_logentry_add_action_flag_choices	2025-10-13 20:01:06.393914+05:30
6	contenttypes	0002_remove_content_type_name	2025-10-13 20:01:06.412328+05:30
7	auth	0002_alter_permission_name_max_length	2025-10-13 20:01:06.412328+05:30
8	auth	0003_alter_user_email_max_length	2025-10-13 20:01:06.428053+05:30
9	auth	0004_alter_user_username_opts	2025-10-13 20:01:06.428053+05:30
10	auth	0005_alter_user_last_login_null	2025-10-13 20:01:06.428053+05:30
11	auth	0006_require_contenttypes_0002	2025-10-13 20:01:06.444186+05:30
12	auth	0007_alter_validators_add_error_messages	2025-10-13 20:01:06.444186+05:30
13	auth	0008_alter_user_username_max_length	2025-10-13 20:01:06.460833+05:30
14	auth	0009_alter_user_last_name_max_length	2025-10-13 20:01:06.475885+05:30
15	auth	0010_alter_group_name_max_length	2025-10-13 20:01:06.475885+05:30
16	auth	0011_update_proxy_permissions	2025-10-13 20:01:06.492096+05:30
17	auth	0012_alter_user_first_name_max_length	2025-10-13 20:01:06.492096+05:30
18	brokerapp	0001_initial	2025-10-13 20:01:06.523795+05:30
19	brokerapp	0002_headitem	2025-10-13 20:01:06.540258+05:30
20	brokerapp	0003_salemaster_saledetails	2025-10-13 20:01:06.618539+05:30
21	brokerapp	0004_purchasemaster_purchasedetails	2025-10-13 20:01:06.678702+05:30
22	brokerapp	0005_dailypage_jamaentry_naameentry	2025-10-13 20:01:06.762384+05:30
23	brokerapp	0006_alter_jamaentry_party_alter_naameentry_party	2025-10-13 20:01:06.811651+05:30
24	brokerapp	0007_rename_boraamt_salemaster_batavamt_and_more	2025-10-13 20:01:06.877599+05:30
25	brokerapp	0008_jamaentry_broker_naameentry_broker	2025-10-13 20:01:06.910587+05:30
26	brokerapp	0009_rename_boraamt_purchasemaster_batavamt_and_more	2025-10-13 20:01:06.960731+05:30
27	sessions	0001_initial	2025-10-13 20:01:06.976831+05:30
\.


--
-- Data for Name: django_session; Type: TABLE DATA; Schema: public; Owner: postgres
--

COPY public.django_session (session_key, session_data, expire_date) FROM stdin;
\.


--
-- Name: auth_group_id_seq; Type: SEQUENCE SET; Schema: public; Owner: postgres
--

SELECT pg_catalog.setval('public.auth_group_id_seq', 1, false);


--
-- Name: auth_group_permissions_id_seq; Type: SEQUENCE SET; Schema: public; Owner: postgres
--

SELECT pg_catalog.setval('public.auth_group_permissions_id_seq', 1, false);


--
-- Name: auth_permission_id_seq; Type: SEQUENCE SET; Schema: public; Owner: postgres
--

SELECT pg_catalog.setval('public.auth_permission_id_seq', 64, true);


--
-- Name: auth_user_groups_id_seq; Type: SEQUENCE SET; Schema: public; Owner: postgres
--

SELECT pg_catalog.setval('public.auth_user_groups_id_seq', 1, false);


--
-- Name: auth_user_id_seq; Type: SEQUENCE SET; Schema: public; Owner: postgres
--

SELECT pg_catalog.setval('public.auth_user_id_seq', 1, false);


--
-- Name: auth_user_user_permissions_id_seq; Type: SEQUENCE SET; Schema: public; Owner: postgres
--

SELECT pg_catalog.setval('public.auth_user_user_permissions_id_seq', 1, false);


--
-- Name: brokerapp_dailypage_id_seq; Type: SEQUENCE SET; Schema: public; Owner: postgres
--

SELECT pg_catalog.setval('public.brokerapp_dailypage_id_seq', 1, false);


--
-- Name: brokerapp_jamaentry_entry_no_seq; Type: SEQUENCE SET; Schema: public; Owner: postgres
--

SELECT pg_catalog.setval('public.brokerapp_jamaentry_entry_no_seq', 1, false);


--
-- Name: brokerapp_naameentry_entry_no_seq; Type: SEQUENCE SET; Schema: public; Owner: postgres
--

SELECT pg_catalog.setval('public.brokerapp_naameentry_entry_no_seq', 1, false);


--
-- Name: brokerapp_purchasedetails_id_seq; Type: SEQUENCE SET; Schema: public; Owner: postgres
--

SELECT pg_catalog.setval('public.brokerapp_purchasedetails_id_seq', 1, false);


--
-- Name: brokerapp_purchasemaster_invno_seq; Type: SEQUENCE SET; Schema: public; Owner: postgres
--

SELECT pg_catalog.setval('public.brokerapp_purchasemaster_invno_seq', 1, false);


--
-- Name: brokerapp_saledetails_id_seq; Type: SEQUENCE SET; Schema: public; Owner: postgres
--

SELECT pg_catalog.setval('public.brokerapp_saledetails_id_seq', 1, false);


--
-- Name: brokerapp_salemaster_invno_seq; Type: SEQUENCE SET; Schema: public; Owner: postgres
--

SELECT pg_catalog.setval('public.brokerapp_salemaster_invno_seq', 1, false);


--
-- Name: django_admin_log_id_seq; Type: SEQUENCE SET; Schema: public; Owner: postgres
--

SELECT pg_catalog.setval('public.django_admin_log_id_seq', 1, false);


--
-- Name: django_content_type_id_seq; Type: SEQUENCE SET; Schema: public; Owner: postgres
--

SELECT pg_catalog.setval('public.django_content_type_id_seq', 16, true);


--
-- Name: django_migrations_id_seq; Type: SEQUENCE SET; Schema: public; Owner: postgres
--

SELECT pg_catalog.setval('public.django_migrations_id_seq', 27, true);


--
-- Name: auth_group auth_group_name_key; Type: CONSTRAINT; Schema: public; Owner: postgres
--

ALTER TABLE ONLY public.auth_group
    ADD CONSTRAINT auth_group_name_key UNIQUE (name);


--
-- Name: auth_group_permissions auth_group_permissions_group_id_permission_id_0cd325b0_uniq; Type: CONSTRAINT; Schema: public; Owner: postgres
--

ALTER TABLE ONLY public.auth_group_permissions
    ADD CONSTRAINT auth_group_permissions_group_id_permission_id_0cd325b0_uniq UNIQUE (group_id, permission_id);


--
-- Name: auth_group_permissions auth_group_permissions_pkey; Type: CONSTRAINT; Schema: public; Owner: postgres
--

ALTER TABLE ONLY public.auth_group_permissions
    ADD CONSTRAINT auth_group_permissions_pkey PRIMARY KEY (id);


--
-- Name: auth_group auth_group_pkey; Type: CONSTRAINT; Schema: public; Owner: postgres
--

ALTER TABLE ONLY public.auth_group
    ADD CONSTRAINT auth_group_pkey PRIMARY KEY (id);


--
-- Name: auth_permission auth_permission_content_type_id_codename_01ab375a_uniq; Type: CONSTRAINT; Schema: public; Owner: postgres
--

ALTER TABLE ONLY public.auth_permission
    ADD CONSTRAINT auth_permission_content_type_id_codename_01ab375a_uniq UNIQUE (content_type_id, codename);


--
-- Name: auth_permission auth_permission_pkey; Type: CONSTRAINT; Schema: public; Owner: postgres
--

ALTER TABLE ONLY public.auth_permission
    ADD CONSTRAINT auth_permission_pkey PRIMARY KEY (id);


--
-- Name: auth_user_groups auth_user_groups_pkey; Type: CONSTRAINT; Schema: public; Owner: postgres
--

ALTER TABLE ONLY public.auth_user_groups
    ADD CONSTRAINT auth_user_groups_pkey PRIMARY KEY (id);


--
-- Name: auth_user_groups auth_user_groups_user_id_group_id_94350c0c_uniq; Type: CONSTRAINT; Schema: public; Owner: postgres
--

ALTER TABLE ONLY public.auth_user_groups
    ADD CONSTRAINT auth_user_groups_user_id_group_id_94350c0c_uniq UNIQUE (user_id, group_id);


--
-- Name: auth_user auth_user_pkey; Type: CONSTRAINT; Schema: public; Owner: postgres
--

ALTER TABLE ONLY public.auth_user
    ADD CONSTRAINT auth_user_pkey PRIMARY KEY (id);


--
-- Name: auth_user_user_permissions auth_user_user_permissions_pkey; Type: CONSTRAINT; Schema: public; Owner: postgres
--

ALTER TABLE ONLY public.auth_user_user_permissions
    ADD CONSTRAINT auth_user_user_permissions_pkey PRIMARY KEY (id);


--
-- Name: auth_user_user_permissions auth_user_user_permissions_user_id_permission_id_14a6b632_uniq; Type: CONSTRAINT; Schema: public; Owner: postgres
--

ALTER TABLE ONLY public.auth_user_user_permissions
    ADD CONSTRAINT auth_user_user_permissions_user_id_permission_id_14a6b632_uniq UNIQUE (user_id, permission_id);


--
-- Name: auth_user auth_user_username_key; Type: CONSTRAINT; Schema: public; Owner: postgres
--

ALTER TABLE ONLY public.auth_user
    ADD CONSTRAINT auth_user_username_key UNIQUE (username);


--
-- Name: brokerapp_broker brokerapp_broker_pkey; Type: CONSTRAINT; Schema: public; Owner: postgres
--

ALTER TABLE ONLY public.brokerapp_broker
    ADD CONSTRAINT brokerapp_broker_pkey PRIMARY KEY (brokername);


--
-- Name: brokerapp_dailypage brokerapp_dailypage_date_key; Type: CONSTRAINT; Schema: public; Owner: postgres
--

ALTER TABLE ONLY public.brokerapp_dailypage
    ADD CONSTRAINT brokerapp_dailypage_date_key UNIQUE (date);


--
-- Name: brokerapp_dailypage brokerapp_dailypage_pkey; Type: CONSTRAINT; Schema: public; Owner: postgres
--

ALTER TABLE ONLY public.brokerapp_dailypage
    ADD CONSTRAINT brokerapp_dailypage_pkey PRIMARY KEY (id);


--
-- Name: brokerapp_headitem brokerapp_headitem_pkey; Type: CONSTRAINT; Schema: public; Owner: postgres
--

ALTER TABLE ONLY public.brokerapp_headitem
    ADD CONSTRAINT brokerapp_headitem_pkey PRIMARY KEY (item_name);


--
-- Name: brokerapp_headparty brokerapp_headparty_pkey; Type: CONSTRAINT; Schema: public; Owner: postgres
--

ALTER TABLE ONLY public.brokerapp_headparty
    ADD CONSTRAINT brokerapp_headparty_pkey PRIMARY KEY (partyname);


--
-- Name: brokerapp_jamaentry brokerapp_jamaentry_pkey; Type: CONSTRAINT; Schema: public; Owner: postgres
--

ALTER TABLE ONLY public.brokerapp_jamaentry
    ADD CONSTRAINT brokerapp_jamaentry_pkey PRIMARY KEY (entry_no);


--
-- Name: brokerapp_naameentry brokerapp_naameentry_pkey; Type: CONSTRAINT; Schema: public; Owner: postgres
--

ALTER TABLE ONLY public.brokerapp_naameentry
    ADD CONSTRAINT brokerapp_naameentry_pkey PRIMARY KEY (entry_no);


--
-- Name: brokerapp_purchasedetails brokerapp_purchasedetails_pkey; Type: CONSTRAINT; Schema: public; Owner: postgres
--

ALTER TABLE ONLY public.brokerapp_purchasedetails
    ADD CONSTRAINT brokerapp_purchasedetails_pkey PRIMARY KEY (id);


--
-- Name: brokerapp_purchasemaster brokerapp_purchasemaster_pkey; Type: CONSTRAINT; Schema: public; Owner: postgres
--

ALTER TABLE ONLY public.brokerapp_purchasemaster
    ADD CONSTRAINT brokerapp_purchasemaster_pkey PRIMARY KEY (invno);


--
-- Name: brokerapp_saledetails brokerapp_saledetails_pkey; Type: CONSTRAINT; Schema: public; Owner: postgres
--

ALTER TABLE ONLY public.brokerapp_saledetails
    ADD CONSTRAINT brokerapp_saledetails_pkey PRIMARY KEY (id);


--
-- Name: brokerapp_salemaster brokerapp_salemaster_pkey; Type: CONSTRAINT; Schema: public; Owner: postgres
--

ALTER TABLE ONLY public.brokerapp_salemaster
    ADD CONSTRAINT brokerapp_salemaster_pkey PRIMARY KEY (invno);


--
-- Name: django_admin_log django_admin_log_pkey; Type: CONSTRAINT; Schema: public; Owner: postgres
--

ALTER TABLE ONLY public.django_admin_log
    ADD CONSTRAINT django_admin_log_pkey PRIMARY KEY (id);


--
-- Name: django_content_type django_content_type_app_label_model_76bd3d3b_uniq; Type: CONSTRAINT; Schema: public; Owner: postgres
--

ALTER TABLE ONLY public.django_content_type
    ADD CONSTRAINT django_content_type_app_label_model_76bd3d3b_uniq UNIQUE (app_label, model);


--
-- Name: django_content_type django_content_type_pkey; Type: CONSTRAINT; Schema: public; Owner: postgres
--

ALTER TABLE ONLY public.django_content_type
    ADD CONSTRAINT django_content_type_pkey PRIMARY KEY (id);


--
-- Name: django_migrations django_migrations_pkey; Type: CONSTRAINT; Schema: public; Owner: postgres
--

ALTER TABLE ONLY public.django_migrations
    ADD CONSTRAINT django_migrations_pkey PRIMARY KEY (id);


--
-- Name: django_session django_session_pkey; Type: CONSTRAINT; Schema: public; Owner: postgres
--

ALTER TABLE ONLY public.django_session
    ADD CONSTRAINT django_session_pkey PRIMARY KEY (session_key);


--
-- Name: auth_group_name_a6ea08ec_like; Type: INDEX; Schema: public; Owner: postgres
--

CREATE INDEX auth_group_name_a6ea08ec_like ON public.auth_group USING btree (name varchar_pattern_ops);


--
-- Name: auth_group_permissions_group_id_b120cbf9; Type: INDEX; Schema: public; Owner: postgres
--

CREATE INDEX auth_group_permissions_group_id_b120cbf9 ON public.auth_group_permissions USING btree (group_id);


--
-- Name: auth_group_permissions_permission_id_84c5c92e; Type: INDEX; Schema: public; Owner: postgres
--

CREATE INDEX auth_group_permissions_permission_id_84c5c92e ON public.auth_group_permissions USING btree (permission_id);


--
-- Name: auth_permission_content_type_id_2f476e4b; Type: INDEX; Schema: public; Owner: postgres
--

CREATE INDEX auth_permission_content_type_id_2f476e4b ON public.auth_permission USING btree (content_type_id);


--
-- Name: auth_user_groups_group_id_97559544; Type: INDEX; Schema: public; Owner: postgres
--

CREATE INDEX auth_user_groups_group_id_97559544 ON public.auth_user_groups USING btree (group_id);


--
-- Name: auth_user_groups_user_id_6a12ed8b; Type: INDEX; Schema: public; Owner: postgres
--

CREATE INDEX auth_user_groups_user_id_6a12ed8b ON public.auth_user_groups USING btree (user_id);


--
-- Name: auth_user_user_permissions_permission_id_1fbb5f2c; Type: INDEX; Schema: public; Owner: postgres
--

CREATE INDEX auth_user_user_permissions_permission_id_1fbb5f2c ON public.auth_user_user_permissions USING btree (permission_id);


--
-- Name: auth_user_user_permissions_user_id_a95ead1b; Type: INDEX; Schema: public; Owner: postgres
--

CREATE INDEX auth_user_user_permissions_user_id_a95ead1b ON public.auth_user_user_permissions USING btree (user_id);


--
-- Name: auth_user_username_6821ab7c_like; Type: INDEX; Schema: public; Owner: postgres
--

CREATE INDEX auth_user_username_6821ab7c_like ON public.auth_user USING btree (username varchar_pattern_ops);


--
-- Name: brokerapp_broker_brokername_2f9db070_like; Type: INDEX; Schema: public; Owner: postgres
--

CREATE INDEX brokerapp_broker_brokername_2f9db070_like ON public.brokerapp_broker USING btree (brokername varchar_pattern_ops);


--
-- Name: brokerapp_headitem_item_name_0aa3e609_like; Type: INDEX; Schema: public; Owner: postgres
--

CREATE INDEX brokerapp_headitem_item_name_0aa3e609_like ON public.brokerapp_headitem USING btree (item_name varchar_pattern_ops);


--
-- Name: brokerapp_headparty_partyname_e3e22181_like; Type: INDEX; Schema: public; Owner: postgres
--

CREATE INDEX brokerapp_headparty_partyname_e3e22181_like ON public.brokerapp_headparty USING btree (partyname varchar_pattern_ops);


--
-- Name: brokerapp_jamaentry_broker_id_58c26fcf; Type: INDEX; Schema: public; Owner: postgres
--

CREATE INDEX brokerapp_jamaentry_broker_id_58c26fcf ON public.brokerapp_jamaentry USING btree (broker_id);


--
-- Name: brokerapp_jamaentry_broker_id_58c26fcf_like; Type: INDEX; Schema: public; Owner: postgres
--

CREATE INDEX brokerapp_jamaentry_broker_id_58c26fcf_like ON public.brokerapp_jamaentry USING btree (broker_id varchar_pattern_ops);


--
-- Name: brokerapp_jamaentry_daily_page_id_9c1ae9be; Type: INDEX; Schema: public; Owner: postgres
--

CREATE INDEX brokerapp_jamaentry_daily_page_id_9c1ae9be ON public.brokerapp_jamaentry USING btree (daily_page_id);


--
-- Name: brokerapp_jamaentry_party_id_74771f31; Type: INDEX; Schema: public; Owner: postgres
--

CREATE INDEX brokerapp_jamaentry_party_id_74771f31 ON public.brokerapp_jamaentry USING btree (partyname);


--
-- Name: brokerapp_jamaentry_party_id_74771f31_like; Type: INDEX; Schema: public; Owner: postgres
--

CREATE INDEX brokerapp_jamaentry_party_id_74771f31_like ON public.brokerapp_jamaentry USING btree (partyname varchar_pattern_ops);


--
-- Name: brokerapp_naameentry_broker_id_dfc3a848; Type: INDEX; Schema: public; Owner: postgres
--

CREATE INDEX brokerapp_naameentry_broker_id_dfc3a848 ON public.brokerapp_naameentry USING btree (broker_id);


--
-- Name: brokerapp_naameentry_broker_id_dfc3a848_like; Type: INDEX; Schema: public; Owner: postgres
--

CREATE INDEX brokerapp_naameentry_broker_id_dfc3a848_like ON public.brokerapp_naameentry USING btree (broker_id varchar_pattern_ops);


--
-- Name: brokerapp_naameentry_daily_page_id_1d55dc83; Type: INDEX; Schema: public; Owner: postgres
--

CREATE INDEX brokerapp_naameentry_daily_page_id_1d55dc83 ON public.brokerapp_naameentry USING btree (daily_page_id);


--
-- Name: brokerapp_naameentry_party_id_a44b6e38; Type: INDEX; Schema: public; Owner: postgres
--

CREATE INDEX brokerapp_naameentry_party_id_a44b6e38 ON public.brokerapp_naameentry USING btree (partyname);


--
-- Name: brokerapp_naameentry_party_id_a44b6e38_like; Type: INDEX; Schema: public; Owner: postgres
--

CREATE INDEX brokerapp_naameentry_party_id_a44b6e38_like ON public.brokerapp_naameentry USING btree (partyname varchar_pattern_ops);


--
-- Name: brokerapp_purchasedetails_item_id_0e58c40f; Type: INDEX; Schema: public; Owner: postgres
--

CREATE INDEX brokerapp_purchasedetails_item_id_0e58c40f ON public.brokerapp_purchasedetails USING btree (item_id);


--
-- Name: brokerapp_purchasedetails_item_id_0e58c40f_like; Type: INDEX; Schema: public; Owner: postgres
--

CREATE INDEX brokerapp_purchasedetails_item_id_0e58c40f_like ON public.brokerapp_purchasedetails USING btree (item_id varchar_pattern_ops);


--
-- Name: brokerapp_purchasedetails_purchasemaster_id_cf75724f; Type: INDEX; Schema: public; Owner: postgres
--

CREATE INDEX brokerapp_purchasedetails_purchasemaster_id_cf75724f ON public.brokerapp_purchasedetails USING btree (purchasemaster_id);


--
-- Name: brokerapp_purchasemaster_broker_id_829a07cc; Type: INDEX; Schema: public; Owner: postgres
--

CREATE INDEX brokerapp_purchasemaster_broker_id_829a07cc ON public.brokerapp_purchasemaster USING btree (broker_id);


--
-- Name: brokerapp_purchasemaster_broker_id_829a07cc_like; Type: INDEX; Schema: public; Owner: postgres
--

CREATE INDEX brokerapp_purchasemaster_broker_id_829a07cc_like ON public.brokerapp_purchasemaster USING btree (broker_id varchar_pattern_ops);


--
-- Name: brokerapp_purchasemaster_party_id_28aaa69b; Type: INDEX; Schema: public; Owner: postgres
--

CREATE INDEX brokerapp_purchasemaster_party_id_28aaa69b ON public.brokerapp_purchasemaster USING btree (party_id);


--
-- Name: brokerapp_purchasemaster_party_id_28aaa69b_like; Type: INDEX; Schema: public; Owner: postgres
--

CREATE INDEX brokerapp_purchasemaster_party_id_28aaa69b_like ON public.brokerapp_purchasemaster USING btree (party_id varchar_pattern_ops);


--
-- Name: brokerapp_saledetails_item_id_d352e2f2; Type: INDEX; Schema: public; Owner: postgres
--

CREATE INDEX brokerapp_saledetails_item_id_d352e2f2 ON public.brokerapp_saledetails USING btree (item_id);


--
-- Name: brokerapp_saledetails_item_id_d352e2f2_like; Type: INDEX; Schema: public; Owner: postgres
--

CREATE INDEX brokerapp_saledetails_item_id_d352e2f2_like ON public.brokerapp_saledetails USING btree (item_id varchar_pattern_ops);


--
-- Name: brokerapp_saledetails_salemaster_id_f79870d8; Type: INDEX; Schema: public; Owner: postgres
--

CREATE INDEX brokerapp_saledetails_salemaster_id_f79870d8 ON public.brokerapp_saledetails USING btree (salemaster_id);


--
-- Name: brokerapp_salemaster_broker_id_f18ff8cd; Type: INDEX; Schema: public; Owner: postgres
--

CREATE INDEX brokerapp_salemaster_broker_id_f18ff8cd ON public.brokerapp_salemaster USING btree (broker_id);


--
-- Name: brokerapp_salemaster_broker_id_f18ff8cd_like; Type: INDEX; Schema: public; Owner: postgres
--

CREATE INDEX brokerapp_salemaster_broker_id_f18ff8cd_like ON public.brokerapp_salemaster USING btree (broker_id varchar_pattern_ops);


--
-- Name: brokerapp_salemaster_party_id_c2bfd8e6; Type: INDEX; Schema: public; Owner: postgres
--

CREATE INDEX brokerapp_salemaster_party_id_c2bfd8e6 ON public.brokerapp_salemaster USING btree (party_id);


--
-- Name: brokerapp_salemaster_party_id_c2bfd8e6_like; Type: INDEX; Schema: public; Owner: postgres
--

CREATE INDEX brokerapp_salemaster_party_id_c2bfd8e6_like ON public.brokerapp_salemaster USING btree (party_id varchar_pattern_ops);


--
-- Name: django_admin_log_content_type_id_c4bce8eb; Type: INDEX; Schema: public; Owner: postgres
--

CREATE INDEX django_admin_log_content_type_id_c4bce8eb ON public.django_admin_log USING btree (content_type_id);


--
-- Name: django_admin_log_user_id_c564eba6; Type: INDEX; Schema: public; Owner: postgres
--

CREATE INDEX django_admin_log_user_id_c564eba6 ON public.django_admin_log USING btree (user_id);


--
-- Name: django_session_expire_date_a5c62663; Type: INDEX; Schema: public; Owner: postgres
--

CREATE INDEX django_session_expire_date_a5c62663 ON public.django_session USING btree (expire_date);


--
-- Name: django_session_session_key_c0390e0f_like; Type: INDEX; Schema: public; Owner: postgres
--

CREATE INDEX django_session_session_key_c0390e0f_like ON public.django_session USING btree (session_key varchar_pattern_ops);


--
-- Name: auth_group_permissions auth_group_permissio_permission_id_84c5c92e_fk_auth_perm; Type: FK CONSTRAINT; Schema: public; Owner: postgres
--

ALTER TABLE ONLY public.auth_group_permissions
    ADD CONSTRAINT auth_group_permissio_permission_id_84c5c92e_fk_auth_perm FOREIGN KEY (permission_id) REFERENCES public.auth_permission(id) DEFERRABLE INITIALLY DEFERRED;


--
-- Name: auth_group_permissions auth_group_permissions_group_id_b120cbf9_fk_auth_group_id; Type: FK CONSTRAINT; Schema: public; Owner: postgres
--

ALTER TABLE ONLY public.auth_group_permissions
    ADD CONSTRAINT auth_group_permissions_group_id_b120cbf9_fk_auth_group_id FOREIGN KEY (group_id) REFERENCES public.auth_group(id) DEFERRABLE INITIALLY DEFERRED;


--
-- Name: auth_permission auth_permission_content_type_id_2f476e4b_fk_django_co; Type: FK CONSTRAINT; Schema: public; Owner: postgres
--

ALTER TABLE ONLY public.auth_permission
    ADD CONSTRAINT auth_permission_content_type_id_2f476e4b_fk_django_co FOREIGN KEY (content_type_id) REFERENCES public.django_content_type(id) DEFERRABLE INITIALLY DEFERRED;


--
-- Name: auth_user_groups auth_user_groups_group_id_97559544_fk_auth_group_id; Type: FK CONSTRAINT; Schema: public; Owner: postgres
--

ALTER TABLE ONLY public.auth_user_groups
    ADD CONSTRAINT auth_user_groups_group_id_97559544_fk_auth_group_id FOREIGN KEY (group_id) REFERENCES public.auth_group(id) DEFERRABLE INITIALLY DEFERRED;


--
-- Name: auth_user_groups auth_user_groups_user_id_6a12ed8b_fk_auth_user_id; Type: FK CONSTRAINT; Schema: public; Owner: postgres
--

ALTER TABLE ONLY public.auth_user_groups
    ADD CONSTRAINT auth_user_groups_user_id_6a12ed8b_fk_auth_user_id FOREIGN KEY (user_id) REFERENCES public.auth_user(id) DEFERRABLE INITIALLY DEFERRED;


--
-- Name: auth_user_user_permissions auth_user_user_permi_permission_id_1fbb5f2c_fk_auth_perm; Type: FK CONSTRAINT; Schema: public; Owner: postgres
--

ALTER TABLE ONLY public.auth_user_user_permissions
    ADD CONSTRAINT auth_user_user_permi_permission_id_1fbb5f2c_fk_auth_perm FOREIGN KEY (permission_id) REFERENCES public.auth_permission(id) DEFERRABLE INITIALLY DEFERRED;


--
-- Name: auth_user_user_permissions auth_user_user_permissions_user_id_a95ead1b_fk_auth_user_id; Type: FK CONSTRAINT; Schema: public; Owner: postgres
--

ALTER TABLE ONLY public.auth_user_user_permissions
    ADD CONSTRAINT auth_user_user_permissions_user_id_a95ead1b_fk_auth_user_id FOREIGN KEY (user_id) REFERENCES public.auth_user(id) DEFERRABLE INITIALLY DEFERRED;


--
-- Name: brokerapp_jamaentry brokerapp_jamaentry_broker_id_58c26fcf_fk_brokerapp; Type: FK CONSTRAINT; Schema: public; Owner: postgres
--

ALTER TABLE ONLY public.brokerapp_jamaentry
    ADD CONSTRAINT brokerapp_jamaentry_broker_id_58c26fcf_fk_brokerapp FOREIGN KEY (broker_id) REFERENCES public.brokerapp_broker(brokername) DEFERRABLE INITIALLY DEFERRED;


--
-- Name: brokerapp_jamaentry brokerapp_jamaentry_daily_page_id_9c1ae9be_fk_brokerapp; Type: FK CONSTRAINT; Schema: public; Owner: postgres
--

ALTER TABLE ONLY public.brokerapp_jamaentry
    ADD CONSTRAINT brokerapp_jamaentry_daily_page_id_9c1ae9be_fk_brokerapp FOREIGN KEY (daily_page_id) REFERENCES public.brokerapp_dailypage(id) DEFERRABLE INITIALLY DEFERRED;


--
-- Name: brokerapp_jamaentry brokerapp_jamaentry_partyname_a396055d_fk_brokerapp; Type: FK CONSTRAINT; Schema: public; Owner: postgres
--

ALTER TABLE ONLY public.brokerapp_jamaentry
    ADD CONSTRAINT brokerapp_jamaentry_partyname_a396055d_fk_brokerapp FOREIGN KEY (partyname) REFERENCES public.brokerapp_headparty(partyname) DEFERRABLE INITIALLY DEFERRED;


--
-- Name: brokerapp_naameentry brokerapp_naameentry_broker_id_dfc3a848_fk_brokerapp; Type: FK CONSTRAINT; Schema: public; Owner: postgres
--

ALTER TABLE ONLY public.brokerapp_naameentry
    ADD CONSTRAINT brokerapp_naameentry_broker_id_dfc3a848_fk_brokerapp FOREIGN KEY (broker_id) REFERENCES public.brokerapp_broker(brokername) DEFERRABLE INITIALLY DEFERRED;


--
-- Name: brokerapp_naameentry brokerapp_naameentry_daily_page_id_1d55dc83_fk_brokerapp; Type: FK CONSTRAINT; Schema: public; Owner: postgres
--

ALTER TABLE ONLY public.brokerapp_naameentry
    ADD CONSTRAINT brokerapp_naameentry_daily_page_id_1d55dc83_fk_brokerapp FOREIGN KEY (daily_page_id) REFERENCES public.brokerapp_dailypage(id) DEFERRABLE INITIALLY DEFERRED;


--
-- Name: brokerapp_naameentry brokerapp_naameentry_partyname_4ae4ee03_fk_brokerapp; Type: FK CONSTRAINT; Schema: public; Owner: postgres
--

ALTER TABLE ONLY public.brokerapp_naameentry
    ADD CONSTRAINT brokerapp_naameentry_partyname_4ae4ee03_fk_brokerapp FOREIGN KEY (partyname) REFERENCES public.brokerapp_headparty(partyname) DEFERRABLE INITIALLY DEFERRED;


--
-- Name: brokerapp_purchasedetails brokerapp_purchasede_item_id_0e58c40f_fk_brokerapp; Type: FK CONSTRAINT; Schema: public; Owner: postgres
--

ALTER TABLE ONLY public.brokerapp_purchasedetails
    ADD CONSTRAINT brokerapp_purchasede_item_id_0e58c40f_fk_brokerapp FOREIGN KEY (item_id) REFERENCES public.brokerapp_headitem(item_name) DEFERRABLE INITIALLY DEFERRED;


--
-- Name: brokerapp_purchasedetails brokerapp_purchasede_purchasemaster_id_cf75724f_fk_brokerapp; Type: FK CONSTRAINT; Schema: public; Owner: postgres
--

ALTER TABLE ONLY public.brokerapp_purchasedetails
    ADD CONSTRAINT brokerapp_purchasede_purchasemaster_id_cf75724f_fk_brokerapp FOREIGN KEY (purchasemaster_id) REFERENCES public.brokerapp_purchasemaster(invno) DEFERRABLE INITIALLY DEFERRED;


--
-- Name: brokerapp_purchasemaster brokerapp_purchasema_broker_id_829a07cc_fk_brokerapp; Type: FK CONSTRAINT; Schema: public; Owner: postgres
--

ALTER TABLE ONLY public.brokerapp_purchasemaster
    ADD CONSTRAINT brokerapp_purchasema_broker_id_829a07cc_fk_brokerapp FOREIGN KEY (broker_id) REFERENCES public.brokerapp_broker(brokername) DEFERRABLE INITIALLY DEFERRED;


--
-- Name: brokerapp_purchasemaster brokerapp_purchasema_party_id_28aaa69b_fk_brokerapp; Type: FK CONSTRAINT; Schema: public; Owner: postgres
--

ALTER TABLE ONLY public.brokerapp_purchasemaster
    ADD CONSTRAINT brokerapp_purchasema_party_id_28aaa69b_fk_brokerapp FOREIGN KEY (party_id) REFERENCES public.brokerapp_headparty(partyname) DEFERRABLE INITIALLY DEFERRED;


--
-- Name: brokerapp_saledetails brokerapp_saledetail_item_id_d352e2f2_fk_brokerapp; Type: FK CONSTRAINT; Schema: public; Owner: postgres
--

ALTER TABLE ONLY public.brokerapp_saledetails
    ADD CONSTRAINT brokerapp_saledetail_item_id_d352e2f2_fk_brokerapp FOREIGN KEY (item_id) REFERENCES public.brokerapp_headitem(item_name) DEFERRABLE INITIALLY DEFERRED;


--
-- Name: brokerapp_saledetails brokerapp_saledetail_salemaster_id_f79870d8_fk_brokerapp; Type: FK CONSTRAINT; Schema: public; Owner: postgres
--

ALTER TABLE ONLY public.brokerapp_saledetails
    ADD CONSTRAINT brokerapp_saledetail_salemaster_id_f79870d8_fk_brokerapp FOREIGN KEY (salemaster_id) REFERENCES public.brokerapp_salemaster(invno) DEFERRABLE INITIALLY DEFERRED;


--
-- Name: brokerapp_salemaster brokerapp_salemaster_broker_id_f18ff8cd_fk_brokerapp; Type: FK CONSTRAINT; Schema: public; Owner: postgres
--

ALTER TABLE ONLY public.brokerapp_salemaster
    ADD CONSTRAINT brokerapp_salemaster_broker_id_f18ff8cd_fk_brokerapp FOREIGN KEY (broker_id) REFERENCES public.brokerapp_broker(brokername) DEFERRABLE INITIALLY DEFERRED;


--
-- Name: brokerapp_salemaster brokerapp_salemaster_party_id_c2bfd8e6_fk_brokerapp; Type: FK CONSTRAINT; Schema: public; Owner: postgres
--

ALTER TABLE ONLY public.brokerapp_salemaster
    ADD CONSTRAINT brokerapp_salemaster_party_id_c2bfd8e6_fk_brokerapp FOREIGN KEY (party_id) REFERENCES public.brokerapp_headparty(partyname) DEFERRABLE INITIALLY DEFERRED;


--
-- Name: django_admin_log django_admin_log_content_type_id_c4bce8eb_fk_django_co; Type: FK CONSTRAINT; Schema: public; Owner: postgres
--

ALTER TABLE ONLY public.django_admin_log
    ADD CONSTRAINT django_admin_log_content_type_id_c4bce8eb_fk_django_co FOREIGN KEY (content_type_id) REFERENCES public.django_content_type(id) DEFERRABLE INITIALLY DEFERRED;


--
-- Name: django_admin_log django_admin_log_user_id_c564eba6_fk_auth_user_id; Type: FK CONSTRAINT; Schema: public; Owner: postgres
--

ALTER TABLE ONLY public.django_admin_log
    ADD CONSTRAINT django_admin_log_user_id_c564eba6_fk_auth_user_id FOREIGN KEY (user_id) REFERENCES public.auth_user(id) DEFERRABLE INITIALLY DEFERRED;


--
-- PostgreSQL database dump complete
--

\unrestrict Zl9S7AiWuahoOqPOJZjTa1L3EkeCcwQehwQ4X3qK0hjTPLYimg962DI0N6dmZpm

